4,72hWXTwoX9zeGd3mwVkSua9FwRSwBCAEchsd9ErcwrFK
4,GpUU9dmv3rXhMXYxi391iyQM9sRPhkPfqoXxNZCcb6KT
4,4q95ynnmtMEaA4VKeGSFDV2S4nQDeM5N7ReMYKsrVPdo
4,4ssPo2RWEHPZssh1USFcpsCgMzE7q8PYDmDSWmjJrtxc
4,GQM1pBvCcYTaeNRVW82L6AoPadY5TwTEKybazxjQDp8K
4,HrUcrLh17eqCy1KCY4ksBz3BPuzH8LUMJqWR41EzMzmL
4,J7g1pRdMdytYYnwz8geVFK4kHWTjhFdiWmLjGY49RfAQ
4,7Zb2496JFxM1eSte2iEmWZ9srrHHihomMckXdeq9GA6b
4,AtJ13R4dkCTKcCNvzmz7h9uXqCtxFZ85tWpJ1DJHDQHj
4,2JxiAM2ThLXbXFvk5QzdMtwgM1E2kairxb2raB2VwqJ5
3,DooqGjk92TVjmAHxUbSuvFauUHq1pjs7GPRbD4YTzPkV
3,7ADBwBa6xzMDHsn1bxJDnsyjKYYe3j25NJGtTjQJMLqC
3,ACXu8zYQc4RwS8JS43JzKcoLdy3WnNNLRVBzRzDjHfJA
3,HVs3bDDFu4tyuiQ7TVhd3ZH95JHQXW4ahi4MNGVkoFFv
3,CbsUSbsM2S2jSdC2PCvmkXe3qJVPV95Jg7MuZvNseA2v
3,5xU2brMATLyWQD1hBo74E8KxMHnMJouiwLtdJRtDNkcP
3,EWq4oigjqM4X94cmTyzU2Y79MXJNu1DB6YqpRt6x6ePn
3,Fs78RDFfw4fzk5wXuZu6kucGdY9HCHpaWsBr9BUARQ52
3,D5pGWAvW1wzZvHpzyJVZkA1Ni8qQxwMhRin5nenZeooR
2,HEx7kdYdS7GhkswNjFQ3ejzqAze6gza5jVQ2odPo5bHZ
2,42Zjr4RJuGahg4Cibv5LB95pu3wqL9zRok7a43oNeHn2
2,2FeNp2PiN7iZCGPQWMG8wTKn27roQxxMbkyC463iM3KG
2,EkW3ku7ft69EDN1Bim9AFNyEx95NjNYRkbbGRiGJwGpD
2,HCuaB58AXEUYG3xJn41T2uDNxAxisBLx3rTSNCAPXT3G
2,C9WNhC9im4JPsCBToUfgP9QZBnqoQkrCQV4mHMrQdUgn
2,BBLYT31hp4K7PBeYMZh6NGxgWuBY8Ro6EZpSnfaZoxBq
2,6waNYmGsTMoxditZbHD2jaKqGLo4wP823qpMuNAjgRrF
2,2qQoLdY3bjLNk4HCmuYLizpKcz2NHV3WMkaxfxDyWxSZ
2,FN9bFnNPaVGRQrNFeJCqucGyJVqgXUckxGUDXyUp7pwg
1,6DXzuFxAtwFdEXE8rYwdnDXEzATj9Nju76ojwS5yuXJc
2,5FcZ4ZBJBpbNnryY2kAk4j1gShhfG7mhbLvi2zGkVKqj
2,7CED8FuaFomhKVfqqbW4FKK8HMYLkmoTvDLzHRDJtbtr
2,9bBfkDHiihv7RfEmEMSGYFw4rwSfJfbLhMTtEsrVhPmR
2,5EcJevf5bj2MKFC2ZXkKJjJtC1mpqHygUKe7AwUycnB2
2,6pCs22raxzxVRqTehg46bVP3dopJ38XZQCS2zbKPKC45
2,CvU2Qutf3VFV9qWnSq1v9yF95veajimj5T9cm4k6n1vD
2,2kK7Ckk3XtbxEBMo5BPjiDBf3u8e2uFPYM1mQwwPtdbW
2,7orVURfXqdKA3cH3ftwvqYF8QL8WGpmkADJxtcpW481k
2,G5oDVB9pJnDgEodQbcXCQjaGVsBvxJd5aMTBdEybcFfi
2,CxVVw9s4VJzfm4zXbo8S7dUGKmo5sY9LobSGTMe7k1iV
2,5nLSLKYz1nVuAFQpVGbYfw3m1sgaLgTjg1qYxudWP5T8
2,4mfejFGRr7YnN18Pyk6cnEE1DcngMQpuVmLLNE2gQVzw
2,GLYmnH1a18Xg2yr9FZiJWeVBHbVqADtRse6bH68PMdUJ
2,1wfnqbkB5oduEMc3v2bmWtbUjLArLwpZ25utf9Sy2ho
2,BfXW5bxpNLvA5QdFGcCmoZVEiazgXYwEzfr7g7NjbT8r
2,88G2TqMdK6cSjkCuhd6zhAV9NmWBM8GEnzzZjGnBsMzf
2,2cbwTCiqtBuRCFE6pNvrMZFNFN6GV6hVqE8fCbv2qUeT
2,5mkPDJ1iCJgKeJG5Z9QvzVyLtnbjYY4Z3ZRruf2GQKpE
1,5wLMYT9QbNRvWgQzDQcYW7mYWYEmqfQ6NJG831uHPV1g
1,DrC9EbVVysE9sUzAa6Bh9PYUVUQ4Hu34GpYFEuJUmmCC
1,2hcivy4BgX842gp77zds37Fzp4ywVZf8swFMzAQ3XqNH
1,9kkdSu5eC9bZxoFYeStHmQBfSpMqbD8BdNkoBPiyKw1P
1,5zZkkxfnmLidWpRvmgysHsqJDxwDQSSdUAPi3bnifWe
1,6nhYv6meotvJKLA4HRQ2ofTyJ2jbi4nPdsHWFufWoUNy
2,CiwvMnxbH7ppsEqLonBcxeg4rcaV1ALzfDSdPb97F8W1
1,NcSuHQnpntJbeKGkRqiRxo4aswW1CYCjJEA8rLSnUDL
1,7BpJb8GgFy4H8WHPBmspdwrxQqbieePTtxoEKwk1937E
1,6JHWki1VAgYL8EhvMs8CL5RYWyQiX135J1poDsZhxbSh
1,CkiQ3MbcXu9J7TYgVYMvAhpM4QGwSyRDWyg9u1NMTDUy
1,6pq81XoYTRYJ5KFgXY2Uw18N5BkgcUpsg845bb2TK5PG
1,87yoMT8NEMmHp3qZCN9c7j1QpJnEJdBxeNES3FiYsrm
1,zFL4TgjkBEmsJyDemi7XCrrBRgmegroSqp8rJg7ZRcd
1,G7XA75izRwK3VPopM7NsKFcJyVUscQ9C5s6eNZ9YWKcb
1,9Sg9V6CDtcDayciFrJX1K8UQ1dff8eekLwgAEn9sHPfC
1,2xEgrF877AVrnhyQz7suKjXnqDrJJhGseVUyEYknWRf2
1,C12PEfHiQo9VunpYdfj487sWihLTXcpPrFPKaQWjAiTg
1,8mntLSEVb8fQR77tk7vft1LxeTeTiLu7XxDWuK7EKa7K
1,3McjGFQNHMbtQfph1PKDk9akRqyWcJRawfReaaZGuuLA
1,4ZwyGAmdPQ5eUq4YcSsR4fJdS4vqHnDYAb2irCCFPiZQ
1,95jBsV91fxV5DoVV7wAmiecBVNwH6Npb9z4pHo9apW2g
1,H2V65o2He7QiJBLhrxDqttBbEg7FCnWmDfJ78L56JdEJ
1,HJRgRPfTE5qbmpgxVyXEAJEfeqtAUVaJGXWnPP3XiHCP
1,Hi13nB1KED8AdQwEgHnzffWptB2oVxvxJqVRCyq8uyWG
1,E516wub3gY7WiJXSZi1TEGYg5rbW3Qnr5PnQbLtvFgAT
1,2wNfk6fsfiZYQNRUvFY6BYD59PcaA6GiDytkArXwEpAQ
1,4EXp9FrVvMWHjhy85JbsXL9z9b7Fxh6tg9McunFHipZW
1,4vuxTikTNKUG5GjQPKGMDHKVvrq1tFtxAn5RY1oXRwTB
1,DCQBp3EZVEzDfQY9Dvtc77o3iLazqkrg1vGvTBUubbwb
1,DRs2QpfG9jSMfDVARFgDgCAjasjEzZTRY2n7fDCjYXXn
1,CbSCy755tis2pcnyaAFX52uv3JqNKb8qwiVhsj866b9d
1,7uW71g588fW8GxN3s8h3K2FBpbrU6GkK8mreerPEjrw6
1,JCfN4L4gUzJmrAK63PG85z3ixp8YZP82qbRMAtLPGgbY
1,GgfffeCaXP5VQfMtnb8XPGbpRjhF5WRA3GJfeVv5Mtgv
1,WUaFjLHh76f1168o2esLHxTt2imqTGuUj7RZ6L5uUZ7
1,7nQuwiYNJPu3GoA7j2iLZ7LuEtBCLNetNyWZ48XRAmrP
1,Fqx58pkQSUyXKLP1YjzdGvw8GiUjfWXw1sTAfx1wM7YT
1,294Ef2pBdeBNYaNhsGyayGCFkCj5oxReRHkbNUiDkLhb
1,HkW8eRN3GNk97BLZxXBAeQHXMyxFsB9ERQE9jGvZpfAy
1,FPFbopjdntH9nKqb2oLf94nL99AvMth4EfCEe9Jo4vzo
1,4fKpw5FHGaVQnBRV6jVmuWWNFwKqJEpuMpEtgXwd3eVx
1,GdFLMtUnDwmBDP3NTNRbdd6KiVNgkGueuxeGdY7P6EbB
1,EvpZ1F29WZ2BzTBBMADN8mzzzUMGGTxMoAVrrGhEHu6V
1,CSrxP9a51ZujTvhBbW1EeJbuT7risESuWDXAiV6J1ZpG
1,8Gs88HtPMybTc6QysJUJsHPFVhFZJMpvqXxErKiXguqV
1,6nr5adngqDaKqk9npVTec7xUJX2GYA3kN9PKbXTbYusy
1,3dpYhBKVv6VvcJ3Gp7RV7RLr1jTEZKD7TqQc7PGmYVFa
1,2BbpjuDVmEJ5Ekdz3GAjKhf18bkMCxRLFDpory9Vn3CM
1,C1eaucgJSKw7EhzxXt6Gb1RiSTaB3sF6Swuh9xharYgi
1,Fndab3ttf1dZHkFV6AwVSjZp59Rgamqy3YN3zYeuKyyq
1,R1ydoyZbHQks5ZMGpKPpywBY7SvvMWe8AU4L1iMQ4sJ
1,JAU5xNaDYs1rVsVhuzGDPi7NjbZ8PcLo9wX8kx42Z7eN
1,BdE6EU1Lc51MHrwMUnMVqXQzfRXFVJVZieFptXk3U2Vg
1,4WRd1FzLeiqox2tCKAUzvNjz7HDftTM15SJn5tgy9eRP
1,BRrGwbxuJkoAx34GTujmpPe5prAhvJjwGQjpZqkzmLHL
1,3LsBZX7QAZJn752Fjojx7bietSXiAHKkhwxM4Y4y2J9N
1,C9PdhJga7TyfGWzRJ8wX3w4iPy7qmVUyyknTG6uSY5zM
1,J3N4BZJwFBnHFcHZxz5saJCVUPL9qSBab56FeBsJxcL9
1,4q5YhU1Pq9PfHN2NgdPjQJaLowzkkRoK3iJ8rVhKYNpw
1,HSoxmbJt9k7dSJe5P7qebu1jRUS6NH8wPZpmx2WafeDy
1,2UESfKqfAyZ7EuXpuiWfvZAfcT5A5bfXYJLn781RSRYx
1,6CSK79nv4NZ4sdkFANEHxj2CZaPg35jcdf8tPV1VznY7
1,7ctbrvi4MrphqN49AqmePMo7edj6dt9FsmTW52yN4bve
1,CTwrxxYRYk5QwM3e65kLt493Uqc5rWBbSu4LHEaBD7i6
1,68ddXEyyw7UGXgE3ax93kACLHPLoFW8zsqVwuEmzZ3Ab
1,659CjhH3YRqZFqsvDyrpYpmYNptjw3cYJVgQBBeR3qPG
1,6GxfhSF6aPu8i4remAJkX22SZTa2obSjPbiexV5J7xs5
1,BU8XpHexE7vJsmNXTkXL3fwmhzkirTwXo9uXbVu7Sni
1,AcCYyitKPbvh5ovDi6Akd7Cjn2HePhpkJKkQSU1bkJPG
1,FSTSRiFDsAQQ9Df7sPwfENHb6SjgiZ8LfynktGqou88F
1,FDTmj4sqbsXUBdQ64swHUAuo9HewBz4MEwpMr94Cb2NS
1,8uV1LCWyPPivLULDV58oBpQSojSCtjYBkZ62dkoaxieR
1,2BsVWReAPmnkRqpfEmFPX7Syor7dEudfZdJMSsAqkZNB
1,8ernsGpGNJPeaED9eYJB67WB63DMJxK2vK8X4CrpFmJ2
1,F1QyW2RiabaUTHYYMZs6kVQmjw3QzhRWtAJNUp6ifWAe
1,5kgNUDFh83YZ6SZ8Z2mdQbcybaqGJkrbDuD8mLBf5CNA
1,CWfc5ypZ9ktGiWzM9zurxrGMEDACrhhJD8zzQm7ZsQzD
1,nogZM8bjdZnomXGaoXN3mz6VWnSHgHzjPFsikN1RYzN
1,BypGkHsg7xF2Rayi8RgttPz4JH8PuyqpanCw9bxxYLZu
1,2StcxEkf2rvVQjLSBwdGbEFLwjhjUk3jJ29LKqWo6CPV
1,HhVKV5ugoe16LcGMV36s7W4ehpmrQvzaTAerXDCJBNCC
1,5xvSaY8Fmun68QUGHGrboe1GfpMLijEa4ZP83jPLGRVZ
1,FWuHxysYpMp3jpZHNvbR4FnqNr8ELKrVm32HjmC4ufhv
1,9rcRzA6au1f19WZgh2UJeuLV2YhwRM2rH638KuyZpR22
1,9nbJNXQdrPQstPQXnJFtaTweroLF8T8A38JHvdx3UKay
2,8yGrNLjXv5Y5YqmovkD1Es83WPuVcuFBVYRhexBvQUCt
1,6H38JmxsyDmuZsF9N36H9srT2SUhsoGA3cH7wc9LVuBE
1,6KvJZUX5km9bHSHSuujqUaAEgcDoYTKmhuv41iRPTMLA
1,AG3yjwdE4iZjeAam8uD82cN384UJ2rDMEmRukWu4uBbe
1,FUKSr9j6NTCiWZfZeZXkbn8Cgku6LtjFkrEZoSU812Xi
1,H4oD6mSUoJhXFXC3PVCf3KqKmwdQqjk4unMrB5EErD4k
1,AHYPuYmGmhz74MvZHUTBN4wfznCdNXViwDjXt8Ec5USR
1,HBD4aGTuX2tX7Mkgn2nnNympZ2xWjzmSv2mzqw7Tp3v6
1,ES28XwMsYfTDn4z7Mn8vAdeQ4gKDzNwiqxLC5Bk4qRfR
1,AokjvAQMRH7XPhCGzKtY8GVjewxTABLs81s7jzfGuGp5
1,36pAQqpYDCYfMgVqgRFaNcn3zPfBhpU4fEZJsvNamu1H
1,D6wh3WS66LqAa5ya4fTCvYRKaZDScC5d54H3ijbSAg3Z
1,Fs5BrxSgLFSEeVAjcN3vL5Cun9y5xXMT6NEtBymFYVaB
1,9syYeetFZFr4h28TWA1kpeYUm2nJcZH1gLUuCuZVhC2m
1,HZyesHGWYb7hitm5fnDbnSNtj13QmtCwJfA3sYHRBTe8
1,4sDFuYc1yXXQDvnYneNKwVRmCw3BEStG3y48cYkL4w1f
1,24d4WegfJB8U8RYFkDRfxLYtsW3m8kcuGmPC5pT7J9jC
1,AhoZaeQgA338ykQEXiNDScB1KGQjqcSZ9oYuTAbFUhuF
1,5cyQFwYR111DvqN2XFgYiw3ns8QouU2WQQzvBcy776uy
1,ELQmPzx4ZeqLofg2vVd2mcZjRi7TLvTzJFoD1WsPzkdr
1,21o3boLec9QyUhwLEJECE97bK4i5pza8CpxpRBcYEAAp
1,FLZhXmi8PZcNCeM31XshT45wCCsSUYzTWPRkcm9MUnuS
1,GjshabJFQAvXnwN9obAkjAHEqKZiPiNAuAQycSQMvrjn
1,j9MQH95d6TuYoEAJyzox7pVnnLKHD5EwCVxYU3fxpDb
1,Fq5sWfGrAs7HxmAqh4uVdkuDCEW4TiQBp9642Q78Qrij
1,4p6RdbgwGzREm8dyrfTJVK7ABm864F4pWBGdxoX46FCu
1,Fr4WkJbB6GpWp9QC2geVMDJM9U3bcHdMdqwKaurz37jR
1,3KRDAVmU21cbe8dGHHCpJAUXkSncebxs5D9YKsyQ5FTx
1,7CnfVic8vTNFfN4Nk3wCkP9LNXwbXYiwy6TdcvHSL8FQ
1,5Q9W2sD5wqXcaLBjMc1egqYziQLnVE3o2DKsUPaBTm6Q
1,7TNWypP9FA5dMBp4Pb1fFWNXibHbLD97HpexASXDrHbe
1,5M9cSpkdg9mZtx7FwM3KBNCPeog2iBbnwyRdxPJ6HuFt
1,4FBubvUzMQZmNQTKXU8natrymWArEhzKZ1wQdJvV7N1M
1,75F2mfqDGaVAFyjSF9J5cWFtPM4Wa16bF83UgHCLvdj7
1,ByjPesrVjwimCL4kZfSj5znfhvc94inRgBXURM5Vnf9g
1,4jioN1wAQjPuY1qfp1Ehf7u2PPgYyA8s1MgVXHJ9isVv
1,4efhW91tePr2g4BmLQhWdbSr6BNP4v7j7w6Rd4F2GThn
1,9PFmnJKnHjDgmqLhq9eT4WrjcapXdzvZ4rn7Ni7nqPpW
1,BSf43Akg3JkKsY1786BiJCChwNZgf9vmwvntbAYiQaqQ
1,FyAdos3oui6Ei9pAtz7pjNXpczdpob87DKo6EJXZaZuU
1,ES3Rwy4ydEF2djPwtGQMFQTAoPxSh43REMQWc9Xm9xww
1,EjC5k2h3t6ZbNT8keEtfnahpPL8pqq1od8SCaXvppVS
1,6eQNaGY8k2ED3ukBunuPHEmxzUgccoCkBzieRSEMXLY3
1,C5Q5TXuWmBBeCLEZK6L3jBqwodAPH5doM9YR1LDrCuuk
1,HwiQCPDaN8xYrv1S2Rv6ucWcKLKudouJQhscyyxHxD7m
1,H4eorCPu4JyQJBNncZBxuLfXEzmxuVLXvJu5yTyprKFA
1,BDKcWKTjuw3sv6GF5FxCGLn6HE3WdzDePcgUXkdsLRcQ
1,65E5p2JSFNmAppKv21v7E3xXBQnV1a6yJmEaWLE3La1p
1,7DJMt4vF9Kw5v27AxaGDendfADPskB7srcSeG42X1Pga
1,ADE5xTtmwzg7styRF4fc3XWxhntD2xNgxPH9j4YbQNoG
1,5BmDzBup7RUBWZLKEwbzSt3bFgpKubCJAqSN6zQxG9p1
1,njEeCYk8wByKqHr13ayJaKsStTALykAgcWDQst83iZp
1,FSmsCDMMgdoRnqVp6TKPVNUePz8zBEY15gnWTnR2axhN
1,G6RuYh27d97FLNWJJT9riPC7PavDP9LKuTqiXjqAkw5G
1,HSxD9ytq1QCYSPgqUkkFAYzFq9W7PPL5K5qepfDFDtBp
1,7FxzUTb1mE8c8t5X9Ls3RY51zbCF9LUC2JjyZ24L5HFQ
1,F4rn7DPMAU1zgrTjbuSqptSs8wnhxYmYgkiVkETqfDpg
1,7RLsEU7Q9ykCxvqxUxa9ysMhBiedHDGKuheuw1BbtQhg
1,8SNCMTzD8YbqnTg25zbC1GjvfSuvfhwgSS97PvZEWnTb
1,5KhLrLWWEeaW4FTBzu5rU3Sj8YQooAfTriHWbdiKmFfk
1,GCthc13ApxdBYb5ycp5GVdLqnqkMwX2wWHBcPsHpZVDo
1,J5X5v2rFo5bxvtxRKF6Kcd7NC7dK7gcRLM9Z1NMA2t5t
1,8nanDYVqGP2gjcaw2Ra9H3ktp1gh3hwbZpV11iQMqbGT
1,6DFrmmTqwsReu7UKQXxN5KgKkGWr24WwD9VdMLWwTznc
1,ToVhCqzyMeJ7PMnvrz71AurRG9vkkqZpphKs2hoNvm5
1,4S8tv8Ecq3zXbavDfaiXRaLcp6Yy4gFbT8XkCaVpWMZo
1,X43PbJ7ToG5F8G9sZeNDT7NQnBqPgiWPGPGT3JRFoku
1,CVvwwmnQupiWiRGUUU53FbJTsd4N3YiPg8RJ4MNx22m8
1,6jCTLBpQyEwMi8Gw42qoeUtgemkgTwbegRyT594jDEN2
1,EaNuaTiBTr6aVkSS1fefabaEzFz7KrsUDfsnDi1vz8Tw
1,6ajrodunikH5t52CYQ6R3YRTkpGUhJniKExD9DvVCvCr
2,FPywUToBkRChBNUVKQjvJH4b8kc47rNnW6oKELbEMC8c
1,ASraNhpsHHZSfuT5bip4iKLKjw9ZmMfpEWn5H59irdkB
1,Fqvukx2RAHsGmKm7crEfhJYHfK7DW6fGaMjq3Lo53Uxz
1,BRujWRALTKYBdm3WQZMc6Sbp6Tku1Qg6qmH1B54sJUzP
1,HERFd9xeJDNGxfzLmhq7sxsFYgMcHGic8v8houUyhDVG
1,9voYJDy2b1sb88bwgRHA7xPk3N7UuRqwGSKATg8RPRdM
1,6qFKdT8HUR3iwhSvvj7AwP8VDaPoCJib88um1QnqsHyo
1,HUEa7dk7y17gexQeqVa1XBuEMnGpZ3Lfeda9iYC2GecH
1,GEfY44WrYr9ExfLhNrbaDGpnAwsZy165BZye11mzu8Do
1,DPkhkyv3QFTiWi6yF6t6xtjr2T9CzVoE55HxHLP7KxCA
1,5bpF1reFWszJ5BBjqR4QzX1TYch113oaPhqvTU85Gy6G
1,HLKq9f4ySaB81qQpfYQBo5CUjpKWhwStDUHXMcSp2WDR
1,G7ryo8Au5BLeVGmMd7Vpeb4dTW5YChXtmgNjv18mCPUM
1,7JJWMAHuGt7abVqe4XUfFnFspZ9eDkdPywtJEkkjrv4u
1,D3ugZ4Rg9nubxK6Zx2xyQ25HKUA6gVb69HZui1MMqpqg
1,DaqiMkcBMXv9Rem7Uh4CJC8EEwmcm8J6jHW2VUZnwUxF
1,FuiGQAQxNyQo3t7aSMqmvNxgVNxwNJsV9hzabppaWyD6
1,6fHSXivsSUxoLLhPbkk5sv6KUtEFXkP32acrc9TD6w4X
1,4ZNZ8H43dzoKFLkRkdEuGRkR1tMTwUUDXff9ieENKhZL
1,A4qEHoTELLYhh9G5eR4uXafcATsYu1vQmGsHTmoHhhj3
1,5izdJnzFbXksy8Bga8CaXCcLAMBXx8CGercwmc37oBgm
1,GJLjwBv871zpPvGKxLmdWfajwRkBk6LehWgubHXR8dtc
1,GKEv6uq1y1wTQD2cahKnjXg2mv6V3T7D7gG1kEJsV6LJ
1,q5dozN5zKu2FS6ry18X3sEAwhw8ZZ2npwu3ENDcucB4
1,8KGrNyY6Gy3TorJP5ubPeRSm8np4Q9zCkW1hvJcAR4Cg
1,ASe2hy4H2fF8jSnXeGhtVHaKH6uRbnKBzyxqMmAXRVMH
1,CNAfusKY7bBatfPTM1KCifJHsFECLpSqPQaHCBmfzYnZ
1,8kG96ZrQP87WP7QrLGoxfWRoVRSM7BckTY5AB8DJCcux
1,CUL2hLD28t5UWMnpTw3CfW77VVt4R2achQ9mtmPftdsc
1,E1NDRCQJEjYQitM1BZvLAiFeE7vjGSXvvRPY4mBo8gnN
1,AiUMTzt9MCoMAKhk3B4gewHaLpAWGx1WweBQCCRyzdDN
1,37rQnAy5XB6LZ3ApV8y7mctCLGYyRnPG6X7sLtau1yRZ
1,12PkDStipd9pB5ctxmV9osH6yn8PouiUbzzbo3yyVKh4
1,9MXZYE2vRsyzmXHRXQLPeDz2omtphdW9MZ85mj92AvyR
1,GjswtqZb2EmteiXngUxNVuwyiVp1pFFA6K5hhKAr7STM
1,EWEKj4QWunVLLekMKKztdWFPoVBCQfPuUandnYA6D15C
1,EQVu4nmrTqAGGTm4qM8rJQjhTQz3W6ViTBWNGKn6MMjq
1,BkoPgJCiuCZQvwtJornY78bfe1o4rh4tfqqJkPVh3J7M
1,HD4m5UugLo5ZBi7ywtm4A6DzTozLFYi2oya4hJ4LMCxG
1,9MJ3oYXUGdrEEo6WGydgHwysZpDpnmUmPb4qqp27x7jz
1,CRCAboPXE2uGimRq9REP5QBknqtYQWmMDuyYmn6fywdk
1,3JpUEsKRkxTf6tHUra18yAiS3PX2XrpGKCc9uSHJbCJo
1,8miNBUfTJRWyCJs1NC6v77Y8Ta2nzUs9sWx9NzebihhJ
1,DT38MjXQ6b9NCcNMrQvwi9gSKSm8gMUSBJm4z8WFVqmF
1,4Y9kZ3EK4DbBWyPnpXz7KbsCPihFayZrHThjdZvLz2gV
1,8r7cYLAu65ff9tP8XtJLrbDit2FrCsf2jbFQ25g5NBSR
1,9RM9jGtyATgoMxoYkHtzAW2EGCaCVmLGEvV2SgbAmxrf
